report_id,org_name,org_email,date_debut,date_fin,domaine,adkim,aspf,p,sp,pct,fichier,traite_le,cle
demo-googlecom-20260825-laiterie,google.com,noreply-dmarc-support@google.com,2026-08-25 00:00:00,2026-08-25 23:59:59,laiterie.example,r,r,reject,reject,100,demo-googlecom-20260825-laiterie.xml,2026-08-26 05:59:59,google.com|demo-googlecom-20260825-laiterie
demo-enterpriseoutlook-20260825-laiterie,Enterprise Outlook,dmarcreport@microsoft.com,2026-08-25 00:00:00,2026-08-25 23:59:59,laiterie.example,r,r,reject,reject,100,demo-enterpriseoutlook-20260825-laiterie.xml,2026-08-26 05:59:59,enterprise outlook|demo-enterpriseoutlook-20260825-laiterie
demo-yahoo-20260825-laiterie,Yahoo,dmarchelp@yahooinc.com,2026-08-25 00:00:00,2026-08-25 23:59:59,laiterie.example,r,r,reject,reject,100,demo-yahoo-20260825-laiterie.xml,2026-08-26 05:59:59,yahoo|demo-yahoo-20260825-laiterie
demo-mimecast-20260825-laiterie,Mimecast,dmarc-report@mimecast.com,2026-08-25 00:00:00,2026-08-25 23:59:59,laiterie.example,r,r,reject,reject,100,demo-mimecast-20260825-laiterie.xml,2026-08-26 05:59:59,mimecast|demo-mimecast-20260825-laiterie
demo-amazonses-20260825-laiterie,AMAZON-SES,postmaster@amazonses.com,2026-08-25 00:00:00,2026-08-25 23:59:59,laiterie.example,r,r,reject,reject,100,demo-amazonses-20260825-laiterie.xml,2026-08-26 05:59:59,amazon-ses|demo-amazonses-20260825-laiterie
demo-googlecom-20260825-boutique-laiterie,google.com,noreply-dmarc-support@google.com,2026-08-25 00:00:00,2026-08-25 23:59:59,boutique-laiterie.example,r,r,quarantine,quarantine,100,demo-googlecom-20260825-boutique-laiterie.xml,2026-08-26 05:59:59,google.com|demo-googlecom-20260825-boutique-laiterie
demo-enterpriseoutlook-20260825-boutique-laiterie,Enterprise Outlook,dmarcreport@microsoft.com,2026-08-25 00:00:00,2026-08-25 23:59:59,boutique-laiterie.example,r,r,quarantine,quarantine,100,demo-enterpriseoutlook-20260825-boutique-laiterie.xml,2026-08-26 05:59:59,enterprise outlook|demo-enterpriseoutlook-20260825-boutique-laiterie
demo-yahoo-20260825-boutique-laiterie,Yahoo,dmarchelp@yahooinc.com,2026-08-25 00:00:00,2026-08-25 23:59:59,boutique-laiterie.example,r,r,quarantine,quarantine,100,demo-yahoo-20260825-boutique-laiterie.xml,2026-08-26 05:59:59,yahoo|demo-yahoo-20260825-boutique-laiterie
demo-amazonses-20260825-boutique-laiterie,AMAZON-SES,postmaster@amazonses.com,2026-08-25 00:00:00,2026-08-25 23:59:59,boutique-laiterie.example,r,r,quarantine,quarantine,100,demo-amazonses-20260825-boutique-laiterie.xml,2026-08-26 05:59:59,amazon-ses|demo-amazonses-20260825-boutique-laiterie
demo-googlecom-20260826-laiterie,google.com,noreply-dmarc-support@google.com,2026-08-26 00:00:00,2026-08-26 23:59:59,laiterie.example,r,r,reject,reject,100,demo-googlecom-20260826-laiterie.xml,2026-08-27 03:59:59,google.com|demo-googlecom-20260826-laiterie
demo-enterpriseoutlook-20260826-laiterie,Enterprise Outlook,dmarcreport@microsoft.com,2026-08-26 00:00:00,2026-08-26 23:59:59,laiterie.example,r,r,reject,reject,100,demo-enterpriseoutlook-20260826-laiterie.xml,2026-08-27 03:59:59,enterprise outlook|demo-enterpriseoutlook-20260826-laiterie
demo-yahoo-20260826-laiterie,Yahoo,dmarchelp@yahooinc.com,2026-08-26 00:00:00,2026-08-26 23:59:59,laiterie.example,r,r,reject,reject,100,demo-yahoo-20260826-laiterie.xml,2026-08-27 03:59:59,yahoo|demo-yahoo-20260826-laiterie
demo-mimecast-20260826-laiterie,Mimecast,dmarc-report@mimecast.com,2026-08-26 00:00:00,2026-08-26 23:59:59,laiterie.example,r,r,reject,reject,100,demo-mimecast-20260826-laiterie.xml,2026-08-27 03:59:59,mimecast|demo-mimecast-20260826-laiterie
demo-amazonses-20260826-laiterie,AMAZON-SES,postmaster@amazonses.com,2026-08-26 00:00:00,2026-08-26 23:59:59,laiterie.example,r,r,reject,reject,100,demo-amazonses-20260826-laiterie.xml,2026-08-27 03:59:59,amazon-ses|demo-amazonses-20260826-laiterie
demo-googlecom-20260826-boutique-laiterie,google.com,noreply-dmarc-support@google.com,2026-08-26 00:00:00,2026-08-26 23:59:59,boutique-laiterie.example,r,r,quarantine,quarantine,100,demo-googlecom-20260826-boutique-laiterie.xml,2026-08-27 03:59:59,google.com|demo-googlecom-20260826-boutique-laiterie
demo-amazonses-20260826-boutique-laiterie,AMAZON-SES,postmaster@amazonses.com,2026-08-26 00:00:00,2026-08-26 23:59:59,boutique-laiterie.example,r,r,quarantine,quarantine,100,demo-amazonses-20260826-boutique-laiterie.xml,2026-08-27 03:59:59,amazon-ses|demo-amazonses-20260826-boutique-laiterie
demo-googlecom-20260827-laiterie,google.com,noreply-dmarc-support@google.com,2026-08-27 00:00:00,2026-08-27 23:59:59,laiterie.example,r,r,reject,reject,100,demo-googlecom-20260827-laiterie.xml,2026-08-28 04:59:59,google.com|demo-googlecom-20260827-laiterie
demo-enterpriseoutlook-20260827-laiterie,Enterprise Outlook,dmarcreport@microsoft.com,2026-08-27 00:00:00,2026-08-27 23:59:59,laiterie.example,r,r,reject,reject,100,demo-enterpriseoutlook-20260827-laiterie.xml,2026-08-28 04:59:59,enterprise outlook|demo-enterpriseoutlook-20260827-laiterie
demo-yahoo-20260827-laiterie,Yahoo,dmarchelp@yahooinc.com,2026-08-27 00:00:00,2026-08-27 23:59:59,laiterie.example,r,r,reject,reject,100,demo-yahoo-20260827-laiterie.xml,2026-08-28 04:59:59,yahoo|demo-yahoo-20260827-laiterie
demo-mimecast-20260827-laiterie,Mimecast,dmarc-report@mimecast.com,2026-08-27 00:00:00,2026-08-27 23:59:59,laiterie.example,r,r,reject,reject,100,demo-mimecast-20260827-laiterie.xml,2026-08-28 04:59:59,mimecast|demo-mimecast-20260827-laiterie
demo-amazonses-20260827-laiterie,AMAZON-SES,postmaster@amazonses.com,2026-08-27 00:00:00,2026-08-27 23:59:59,laiterie.example,r,r,reject,reject,100,demo-amazonses-20260827-laiterie.xml,2026-08-28 04:59:59,amazon-ses|demo-amazonses-20260827-laiterie
demo-enterpriseoutlook-20260827-boutique-laiterie,Enterprise Outlook,dmarcreport@microsoft.com,2026-08-27 00:00:00,2026-08-27 23:59:59,boutique-laiterie.example,r,r,quarantine,quarantine,100,demo-enterpriseoutlook-20260827-boutique-laiterie.xml,2026-08-28 04:59:59,enterprise outlook|demo-enterpriseoutlook-20260827-boutique-laiterie
demo-yahoo-20260827-boutique-laiterie,Yahoo,dmarchelp@yahooinc.com,2026-08-27 00:00:00,2026-08-27 23:59:59,boutique-laiterie.example,r,r,quarantine,quarantine,100,demo-yahoo-20260827-boutique-laiterie.xml,2026-08-28 04:59:59,yahoo|demo-yahoo-20260827-boutique-laiterie
demo-mimecast-20260827-boutique-laiterie,Mimecast,dmarc-report@mimecast.com,2026-08-27 00:00:00,2026-08-27 23:59:59,boutique-laiterie.example,r,r,quarantine,quarantine,100,demo-mimecast-20260827-boutique-laiterie.xml,2026-08-28 04:59:59,mimecast|demo-mimecast-20260827-boutique-laiterie
demo-amazonses-20260827-boutique-laiterie,AMAZON-SES,postmaster@amazonses.com,2026-08-27 00:00:00,2026-08-27 23:59:59,boutique-laiterie.example,r,r,quarantine,quarantine,100,demo-amazonses-20260827-boutique-laiterie.xml,2026-08-28 04:59:59,amazon-ses|demo-amazonses-20260827-boutique-laiterie
demo-googlecom-20260828-laiterie,google.com,noreply-dmarc-support@google.com,2026-08-28 00:00:00,2026-08-28 23:59:59,laiterie.example,r,r,reject,reject,100,demo-googlecom-20260828-laiterie.xml,2026-08-29 05:59:59,google.com|demo-googlecom-20260828-laiterie
demo-enterpriseoutlook-20260828-laiterie,Enterprise Outlook,dmarcreport@microsoft.com,2026-08-28 00:00:00,2026-08-28 23:59:59,laiterie.example,r,r,reject,reject,100,demo-enterpriseoutlook-20260828-laiterie.xml,2026-08-29 05:59:59,enterprise outlook|demo-enterpriseoutlook-20260828-laiterie
demo-yahoo-20260828-laiterie,Yahoo,dmarchelp@yahooinc.com,2026-08-28 00:00:00,2026-08-28 23:59:59,laiterie.example,r,r,reject,reject,100,demo-yahoo-20260828-laiterie.xml,2026-08-29 05:59:59,yahoo|demo-yahoo-20260828-laiterie
demo-mimecast-20260828-laiterie,Mimecast,dmarc-report@mimecast.com,2026-08-28 00:00:00,2026-08-28 23:59:59,laiterie.example,r,r,reject,reject,100,demo-mimecast-20260828-laiterie.xml,2026-08-29 05:59:59,mimecast|demo-mimecast-20260828-laiterie
demo-amazonses-20260828-laiterie,AMAZON-SES,postmaster@amazonses.com,2026-08-28 00:00:00,2026-08-28 23:59:59,laiterie.example,r,r,reject,reject,100,demo-amazonses-20260828-laiterie.xml,2026-08-29 05:59:59,amazon-ses|demo-amazonses-20260828-laiterie
demo-googlecom-20260828-boutique-laiterie,google.com,noreply-dmarc-support@google.com,2026-08-28 00:00:00,2026-08-28 23:59:59,boutique-laiterie.example,r,r,quarantine,quarantine,100,demo-googlecom-20260828-boutique-laiterie.xml,2026-08-29 05:59:59,google.com|demo-googlecom-20260828-boutique-laiterie
demo-yahoo-20260828-boutique-laiterie,Yahoo,dmarchelp@yahooinc.com,2026-08-28 00:00:00,2026-08-28 23:59:59,boutique-laiterie.example,r,r,quarantine,quarantine,100,demo-yahoo-20260828-boutique-laiterie.xml,2026-08-29 05:59:59,yahoo|demo-yahoo-20260828-boutique-laiterie
demo-amazonses-20260828-boutique-laiterie,AMAZON-SES,postmaster@amazonses.com,2026-08-28 00:00:00,2026-08-28 23:59:59,boutique-laiterie.example,r,r,quarantine,quarantine,100,demo-amazonses-20260828-boutique-laiterie.xml,2026-08-29 05:59:59,amazon-ses|demo-amazonses-20260828-boutique-laiterie
demo-googlecom-20260829-laiterie,google.com,noreply-dmarc-support@google.com,2026-08-29 00:00:00,2026-08-29 23:59:59,laiterie.example,r,r,reject,reject,100,demo-googlecom-20260829-laiterie.xml,2026-08-30 06:59:59,google.com|demo-googlecom-20260829-laiterie
demo-yahoo-20260829-laiterie,Yahoo,dmarchelp@yahooinc.com,2026-08-29 00:00:00,2026-08-29 23:59:59,laiterie.example,r,r,reject,reject,100,demo-yahoo-20260829-laiterie.xml,2026-08-30 06:59:59,yahoo|demo-yahoo-20260829-laiterie
demo-mimecast-20260829-laiterie,Mimecast,dmarc-report@mimecast.com,2026-08-29 00:00:00,2026-08-29 23:59:59,laiterie.example,r,r,reject,reject,100,demo-mimecast-20260829-laiterie.xml,2026-08-30 06:59:59,mimecast|demo-mimecast-20260829-laiterie
demo-amazonses-20260829-laiterie,AMAZON-SES,postmaster@amazonses.com,2026-08-29 00:00:00,2026-08-29 23:59:59,laiterie.example,r,r,reject,reject,100,demo-amazonses-20260829-laiterie.xml,2026-08-30 06:59:59,amazon-ses|demo-amazonses-20260829-laiterie
demo-googlecom-20260829-boutique-laiterie,google.com,noreply-dmarc-support@google.com,2026-08-29 00:00:00,2026-08-29 23:59:59,boutique-laiterie.example,r,r,quarantine,quarantine,100,demo-googlecom-20260829-boutique-laiterie.xml,2026-08-30 06:59:59,google.com|demo-googlecom-20260829-boutique-laiterie
demo-enterpriseoutlook-20260829-boutique-laiterie,Enterprise Outlook,dmarcreport@microsoft.com,2026-08-29 00:00:00,2026-08-29 23:59:59,boutique-laiterie.example,r,r,quarantine,quarantine,100,demo-enterpriseoutlook-20260829-boutique-laiterie.xml,2026-08-30 06:59:59,enterprise outlook|demo-enterpriseoutlook-20260829-boutique-laiterie
demo-mimecast-20260829-boutique-laiterie,Mimecast,dmarc-report@mimecast.com,2026-08-29 00:00:00,2026-08-29 23:59:59,boutique-laiterie.example,r,r,quarantine,quarantine,100,demo-mimecast-20260829-boutique-laiterie.xml,2026-08-30 06:59:59,mimecast|demo-mimecast-20260829-boutique-laiterie
demo-amazonses-20260829-boutique-laiterie,AMAZON-SES,postmaster@amazonses.com,2026-08-29 00:00:00,2026-08-29 23:59:59,boutique-laiterie.example,r,r,quarantine,quarantine,100,demo-amazonses-20260829-boutique-laiterie.xml,2026-08-30 06:59:59,amazon-ses|demo-amazonses-20260829-boutique-laiterie
demo-googlecom-20260830-laiterie,google.com,noreply-dmarc-support@google.com,2026-08-30 00:00:00,2026-08-30 23:59:59,laiterie.example,r,r,reject,reject,100,demo-googlecom-20260830-laiterie.xml,2026-08-31 02:59:59,google.com|demo-googlecom-20260830-laiterie
demo-enterpriseoutlook-20260830-laiterie,Enterprise Outlook,dmarcreport@microsoft.com,2026-08-30 00:00:00,2026-08-30 23:59:59,laiterie.example,r,r,reject,reject,100,demo-enterpriseoutlook-20260830-laiterie.xml,2026-08-31 02:59:59,enterprise outlook|demo-enterpriseoutlook-20260830-laiterie
demo-yahoo-20260830-laiterie,Yahoo,dmarchelp@yahooinc.com,2026-08-30 00:00:00,2026-08-30 23:59:59,laiterie.example,r,r,reject,reject,100,demo-yahoo-20260830-laiterie.xml,2026-08-31 02:59:59,yahoo|demo-yahoo-20260830-laiterie
demo-mimecast-20260830-laiterie,Mimecast,dmarc-report@mimecast.com,2026-08-30 00:00:00,2026-08-30 23:59:59,laiterie.example,r,r,reject,reject,100,demo-mimecast-20260830-laiterie.xml,2026-08-31 02:59:59,mimecast|demo-mimecast-20260830-laiterie
demo-amazonses-20260830-laiterie,AMAZON-SES,postmaster@amazonses.com,2026-08-30 00:00:00,2026-08-30 23:59:59,laiterie.example,r,r,reject,reject,100,demo-amazonses-20260830-laiterie.xml,2026-08-31 02:59:59,amazon-ses|demo-amazonses-20260830-laiterie
demo-googlecom-20260830-boutique-laiterie,google.com,noreply-dmarc-support@google.com,2026-08-30 00:00:00,2026-08-30 23:59:59,boutique-laiterie.example,r,r,quarantine,quarantine,100,demo-googlecom-20260830-boutique-laiterie.xml,2026-08-31 02:59:59,google.com|demo-googlecom-20260830-boutique-laiterie
demo-mimecast-20260830-boutique-laiterie,Mimecast,dmarc-report@mimecast.com,2026-08-30 00:00:00,2026-08-30 23:59:59,boutique-laiterie.example,r,r,quarantine,quarantine,100,demo-mimecast-20260830-boutique-laiterie.xml,2026-08-31 02:59:59,mimecast|demo-mimecast-20260830-boutique-laiterie
demo-googlecom-20260831-laiterie,google.com,noreply-dmarc-support@google.com,2026-08-31 00:00:00,2026-08-31 23:59:59,laiterie.example,r,r,reject,reject,100,demo-googlecom-20260831-laiterie.xml,2026-09-01 03:59:59,google.com|demo-googlecom-20260831-laiterie
demo-enterpriseoutlook-20260831-laiterie,Enterprise Outlook,dmarcreport@microsoft.com,2026-08-31 00:00:00,2026-08-31 23:59:59,laiterie.example,r,r,reject,reject,100,demo-enterpriseoutlook-20260831-laiterie.xml,2026-09-01 03:59:59,enterprise outlook|demo-enterpriseoutlook-20260831-laiterie
demo-yahoo-20260831-laiterie,Yahoo,dmarchelp@yahooinc.com,2026-08-31 00:00:00,2026-08-31 23:59:59,laiterie.example,r,r,reject,reject,100,demo-yahoo-20260831-laiterie.xml,2026-09-01 03:59:59,yahoo|demo-yahoo-20260831-laiterie
demo-mimecast-20260831-laiterie,Mimecast,dmarc-report@mimecast.com,2026-08-31 00:00:00,2026-08-31 23:59:59,laiterie.example,r,r,reject,reject,100,demo-mimecast-20260831-laiterie.xml,2026-09-01 03:59:59,mimecast|demo-mimecast-20260831-laiterie
demo-amazonses-20260831-laiterie,AMAZON-SES,postmaster@amazonses.com,2026-08-31 00:00:00,2026-08-31 23:59:59,laiterie.example,r,r,reject,reject,100,demo-amazonses-20260831-laiterie.xml,2026-09-01 03:59:59,amazon-ses|demo-amazonses-20260831-laiterie
demo-googlecom-20260831-boutique-laiterie,google.com,noreply-dmarc-support@google.com,2026-08-31 00:00:00,2026-08-31 23:59:59,boutique-laiterie.example,r,r,quarantine,quarantine,100,demo-googlecom-20260831-boutique-laiterie.xml,2026-09-01 03:59:59,google.com|demo-googlecom-20260831-boutique-laiterie
demo-enterpriseoutlook-20260831-boutique-laiterie,Enterprise Outlook,dmarcreport@microsoft.com,2026-08-31 00:00:00,2026-08-31 23:59:59,boutique-laiterie.example,r,r,quarantine,quarantine,100,demo-enterpriseoutlook-20260831-boutique-laiterie.xml,2026-09-01 03:59:59,enterprise outlook|demo-enterpriseoutlook-20260831-boutique-laiterie
demo-googlecom-20260901-laiterie,google.com,noreply-dmarc-support@google.com,2026-09-01 00:00:00,2026-09-01 23:59:59,laiterie.example,r,r,reject,reject,100,demo-googlecom-20260901-laiterie.xml,2026-09-02 02:59:59,google.com|demo-googlecom-20260901-laiterie
demo-enterpriseoutlook-20260901-laiterie,Enterprise Outlook,dmarcreport@microsoft.com,2026-09-01 00:00:00,2026-09-01 23:59:59,laiterie.example,r,r,reject,reject,100,demo-enterpriseoutlook-20260901-laiterie.xml,2026-09-02 02:59:59,enterprise outlook|demo-enterpriseoutlook-20260901-laiterie
demo-yahoo-20260901-laiterie,Yahoo,dmarchelp@yahooinc.com,2026-09-01 00:00:00,2026-09-01 23:59:59,laiterie.example,r,r,reject,reject,100,demo-yahoo-20260901-laiterie.xml,2026-09-02 02:59:59,yahoo|demo-yahoo-20260901-laiterie
demo-mimecast-20260901-laiterie,Mimecast,dmarc-report@mimecast.com,2026-09-01 00:00:00,2026-09-01 23:59:59,laiterie.example,r,r,reject,reject,100,demo-mimecast-20260901-laiterie.xml,2026-09-02 02:59:59,mimecast|demo-mimecast-20260901-laiterie
demo-amazonses-20260901-laiterie,AMAZON-SES,postmaster@amazonses.com,2026-09-01 00:00:00,2026-09-01 23:59:59,laiterie.example,r,r,reject,reject,100,demo-amazonses-20260901-laiterie.xml,2026-09-02 02:59:59,amazon-ses|demo-amazonses-20260901-laiterie
demo-googlecom-20260901-boutique-laiterie,google.com,noreply-dmarc-support@google.com,2026-09-01 00:00:00,2026-09-01 23:59:59,boutique-laiterie.example,r,r,quarantine,quarantine,100,demo-googlecom-20260901-boutique-laiterie.xml,2026-09-02 02:59:59,google.com|demo-googlecom-20260901-boutique-laiterie
demo-enterpriseoutlook-20260901-boutique-laiterie,Enterprise Outlook,dmarcreport@microsoft.com,2026-09-01 00:00:00,2026-09-01 23:59:59,boutique-laiterie.example,r,r,quarantine,quarantine,100,demo-enterpriseoutlook-20260901-boutique-laiterie.xml,2026-09-02 02:59:59,enterprise outlook|demo-enterpriseoutlook-20260901-boutique-laiterie
demo-yahoo-20260901-boutique-laiterie,Yahoo,dmarchelp@yahooinc.com,2026-09-01 00:00:00,2026-09-01 23:59:59,boutique-laiterie.example,r,r,quarantine,quarantine,100,demo-yahoo-20260901-boutique-laiterie.xml,2026-09-02 02:59:59,yahoo|demo-yahoo-20260901-boutique-laiterie
demo-mimecast-20260901-boutique-laiterie,Mimecast,dmarc-report@mimecast.com,2026-09-01 00:00:00,2026-09-01 23:59:59,boutique-laiterie.example,r,r,quarantine,quarantine,100,demo-mimecast-20260901-boutique-laiterie.xml,2026-09-02 02:59:59,mimecast|demo-mimecast-20260901-boutique-laiterie
demo-googlecom-20260902-laiterie,google.com,noreply-dmarc-support@google.com,2026-09-02 00:00:00,2026-09-02 23:59:59,laiterie.example,r,r,reject,reject,100,demo-googlecom-20260902-laiterie.xml,2026-09-03 07:59:59,google.com|demo-googlecom-20260902-laiterie
demo-enterpriseoutlook-20260902-laiterie,Enterprise Outlook,dmarcreport@microsoft.com,2026-09-02 00:00:00,2026-09-02 23:59:59,laiterie.example,r,r,reject,reject,100,demo-enterpriseoutlook-20260902-laiterie.xml,2026-09-03 07:59:59,enterprise outlook|demo-enterpriseoutlook-20260902-laiterie
demo-yahoo-20260902-laiterie,Yahoo,dmarchelp@yahooinc.com,2026-09-02 00:00:00,2026-09-02 23:59:59,laiterie.example,r,r,reject,reject,100,demo-yahoo-20260902-laiterie.xml,2026-09-03 07:59:59,yahoo|demo-yahoo-20260902-laiterie
demo-mimecast-20260902-laiterie,Mimecast,dmarc-report@mimecast.com,2026-09-02 00:00:00,2026-09-02 23:59:59,laiterie.example,r,r,reject,reject,100,demo-mimecast-20260902-laiterie.xml,2026-09-03 07:59:59,mimecast|demo-mimecast-20260902-laiterie
demo-amazonses-20260902-laiterie,AMAZON-SES,postmaster@amazonses.com,2026-09-02 00:00:00,2026-09-02 23:59:59,laiterie.example,r,r,reject,reject,100,demo-amazonses-20260902-laiterie.xml,2026-09-03 07:59:59,amazon-ses|demo-amazonses-20260902-laiterie
demo-googlecom-20260902-boutique-laiterie,google.com,noreply-dmarc-support@google.com,2026-09-02 00:00:00,2026-09-02 23:59:59,boutique-laiterie.example,r,r,quarantine,quarantine,100,demo-googlecom-20260902-boutique-laiterie.xml,2026-09-03 07:59:59,google.com|demo-googlecom-20260902-boutique-laiterie
demo-enterpriseoutlook-20260902-boutique-laiterie,Enterprise Outlook,dmarcreport@microsoft.com,2026-09-02 00:00:00,2026-09-02 23:59:59,boutique-laiterie.example,r,r,quarantine,quarantine,100,demo-enterpriseoutlook-20260902-boutique-laiterie.xml,2026-09-03 07:59:59,enterprise outlook|demo-enterpriseoutlook-20260902-boutique-laiterie
demo-yahoo-20260902-boutique-laiterie,Yahoo,dmarchelp@yahooinc.com,2026-09-02 00:00:00,2026-09-02 23:59:59,boutique-laiterie.example,r,r,quarantine,quarantine,100,demo-yahoo-20260902-boutique-laiterie.xml,2026-09-03 07:59:59,yahoo|demo-yahoo-20260902-boutique-laiterie
demo-mimecast-20260902-boutique-laiterie,Mimecast,dmarc-report@mimecast.com,2026-09-02 00:00:00,2026-09-02 23:59:59,boutique-laiterie.example,r,r,quarantine,quarantine,100,demo-mimecast-20260902-boutique-laiterie.xml,2026-09-03 07:59:59,mimecast|demo-mimecast-20260902-boutique-laiterie
demo-amazonses-20260902-boutique-laiterie,AMAZON-SES,postmaster@amazonses.com,2026-09-02 00:00:00,2026-09-02 23:59:59,boutique-laiterie.example,r,r,quarantine,quarantine,100,demo-amazonses-20260902-boutique-laiterie.xml,2026-09-03 07:59:59,amazon-ses|demo-amazonses-20260902-boutique-laiterie
demo-googlecom-20260903-laiterie,google.com,noreply-dmarc-support@google.com,2026-09-03 00:00:00,2026-09-03 23:59:59,laiterie.example,r,r,reject,reject,100,demo-googlecom-20260903-laiterie.xml,2026-09-04 06:59:59,google.com|demo-googlecom-20260903-laiterie
demo-enterpriseoutlook-20260903-laiterie,Enterprise Outlook,dmarcreport@microsoft.com,2026-09-03 00:00:00,2026-09-03 23:59:59,laiterie.example,r,r,reject,reject,100,demo-enterpriseoutlook-20260903-laiterie.xml,2026-09-04 06:59:59,enterprise outlook|demo-enterpriseoutlook-20260903-laiterie
demo-yahoo-20260903-laiterie,Yahoo,dmarchelp@yahooinc.com,2026-09-03 00:00:00,2026-09-03 23:59:59,laiterie.example,r,r,reject,reject,100,demo-yahoo-20260903-laiterie.xml,2026-09-04 06:59:59,yahoo|demo-yahoo-20260903-laiterie
demo-mimecast-20260903-laiterie,Mimecast,dmarc-report@mimecast.com,2026-09-03 00:00:00,2026-09-03 23:59:59,laiterie.example,r,r,reject,reject,100,demo-mimecast-20260903-laiterie.xml,2026-09-04 06:59:59,mimecast|demo-mimecast-20260903-laiterie
demo-amazonses-20260903-laiterie,AMAZON-SES,postmaster@amazonses.com,2026-09-03 00:00:00,2026-09-03 23:59:59,laiterie.example,r,r,reject,reject,100,demo-amazonses-20260903-laiterie.xml,2026-09-04 06:59:59,amazon-ses|demo-amazonses-20260903-laiterie
demo-googlecom-20260903-boutique-laiterie,google.com,noreply-dmarc-support@google.com,2026-09-03 00:00:00,2026-09-03 23:59:59,boutique-laiterie.example,r,r,quarantine,quarantine,100,demo-googlecom-20260903-boutique-laiterie.xml,2026-09-04 06:59:59,google.com|demo-googlecom-20260903-boutique-laiterie
demo-enterpriseoutlook-20260903-boutique-laiterie,Enterprise Outlook,dmarcreport@microsoft.com,2026-09-03 00:00:00,2026-09-03 23:59:59,boutique-laiterie.example,r,r,quarantine,quarantine,100,demo-enterpriseoutlook-20260903-boutique-laiterie.xml,2026-09-04 06:59:59,enterprise outlook|demo-enterpriseoutlook-20260903-boutique-laiterie
demo-yahoo-20260903-boutique-laiterie,Yahoo,dmarchelp@yahooinc.com,2026-09-03 00:00:00,2026-09-03 23:59:59,boutique-laiterie.example,r,r,quarantine,quarantine,100,demo-yahoo-20260903-boutique-laiterie.xml,2026-09-04 06:59:59,yahoo|demo-yahoo-20260903-boutique-laiterie
demo-mimecast-20260903-boutique-laiterie,Mimecast,dmarc-report@mimecast.com,2026-09-03 00:00:00,2026-09-03 23:59:59,boutique-laiterie.example,r,r,quarantine,quarantine,100,demo-mimecast-20260903-boutique-laiterie.xml,2026-09-04 06:59:59,mimecast|demo-mimecast-20260903-boutique-laiterie
demo-amazonses-20260903-boutique-laiterie,AMAZON-SES,postmaster@amazonses.com,2026-09-03 00:00:00,2026-09-03 23:59:59,boutique-laiterie.example,r,r,quarantine,quarantine,100,demo-amazonses-20260903-boutique-laiterie.xml,2026-09-04 06:59:59,amazon-ses|demo-amazonses-20260903-boutique-laiterie
demo-googlecom-20260904-laiterie,google.com,noreply-dmarc-support@google.com,2026-09-04 00:00:00,2026-09-04 23:59:59,laiterie.example,r,r,reject,reject,100,demo-googlecom-20260904-laiterie.xml,2026-09-05 02:59:59,google.com|demo-googlecom-20260904-laiterie
demo-enterpriseoutlook-20260904-laiterie,Enterprise Outlook,dmarcreport@microsoft.com,2026-09-04 00:00:00,2026-09-04 23:59:59,laiterie.example,r,r,reject,reject,100,demo-enterpriseoutlook-20260904-laiterie.xml,2026-09-05 02:59:59,enterprise outlook|demo-enterpriseoutlook-20260904-laiterie
demo-yahoo-20260904-laiterie,Yahoo,dmarchelp@yahooinc.com,2026-09-04 00:00:00,2026-09-04 23:59:59,laiterie.example,r,r,reject,reject,100,demo-yahoo-20260904-laiterie.xml,2026-09-05 02:59:59,yahoo|demo-yahoo-20260904-laiterie
demo-mimecast-20260904-laiterie,Mimecast,dmarc-report@mimecast.com,2026-09-04 00:00:00,2026-09-04 23:59:59,laiterie.example,r,r,reject,reject,100,demo-mimecast-20260904-laiterie.xml,2026-09-05 02:59:59,mimecast|demo-mimecast-20260904-laiterie
demo-amazonses-20260904-laiterie,AMAZON-SES,postmaster@amazonses.com,2026-09-04 00:00:00,2026-09-04 23:59:59,laiterie.example,r,r,reject,reject,100,demo-amazonses-20260904-laiterie.xml,2026-09-05 02:59:59,amazon-ses|demo-amazonses-20260904-laiterie
demo-enterpriseoutlook-20260904-boutique-laiterie,Enterprise Outlook,dmarcreport@microsoft.com,2026-09-04 00:00:00,2026-09-04 23:59:59,boutique-laiterie.example,r,r,quarantine,quarantine,100,demo-enterpriseoutlook-20260904-boutique-laiterie.xml,2026-09-05 02:59:59,enterprise outlook|demo-enterpriseoutlook-20260904-boutique-laiterie
demo-yahoo-20260904-boutique-laiterie,Yahoo,dmarchelp@yahooinc.com,2026-09-04 00:00:00,2026-09-04 23:59:59,boutique-laiterie.example,r,r,quarantine,quarantine,100,demo-yahoo-20260904-boutique-laiterie.xml,2026-09-05 02:59:59,yahoo|demo-yahoo-20260904-boutique-laiterie
demo-mimecast-20260904-boutique-laiterie,Mimecast,dmarc-report@mimecast.com,2026-09-04 00:00:00,2026-09-04 23:59:59,boutique-laiterie.example,r,r,quarantine,quarantine,100,demo-mimecast-20260904-boutique-laiterie.xml,2026-09-05 02:59:59,mimecast|demo-mimecast-20260904-boutique-laiterie
demo-googlecom-20260905-laiterie,google.com,noreply-dmarc-support@google.com,2026-09-05 00:00:00,2026-09-05 23:59:59,laiterie.example,r,r,reject,reject,100,demo-googlecom-20260905-laiterie.xml,2026-09-06 07:59:59,google.com|demo-googlecom-20260905-laiterie
demo-enterpriseoutlook-20260905-laiterie,Enterprise Outlook,dmarcreport@microsoft.com,2026-09-05 00:00:00,2026-09-05 23:59:59,laiterie.example,r,r,reject,reject,100,demo-enterpriseoutlook-20260905-laiterie.xml,2026-09-06 07:59:59,enterprise outlook|demo-enterpriseoutlook-20260905-laiterie
demo-yahoo-20260905-laiterie,Yahoo,dmarchelp@yahooinc.com,2026-09-05 00:00:00,2026-09-05 23:59:59,laiterie.example,r,r,reject,reject,100,demo-yahoo-20260905-laiterie.xml,2026-09-06 07:59:59,yahoo|demo-yahoo-20260905-laiterie
demo-mimecast-20260905-laiterie,Mimecast,dmarc-report@mimecast.com,2026-09-05 00:00:00,2026-09-05 23:59:59,laiterie.example,r,r,reject,reject,100,demo-mimecast-20260905-laiterie.xml,2026-09-06 07:59:59,mimecast|demo-mimecast-20260905-laiterie
demo-amazonses-20260905-laiterie,AMAZON-SES,postmaster@amazonses.com,2026-09-05 00:00:00,2026-09-05 23:59:59,laiterie.example,r,r,reject,reject,100,demo-amazonses-20260905-laiterie.xml,2026-09-06 07:59:59,amazon-ses|demo-amazonses-20260905-laiterie
demo-googlecom-20260905-boutique-laiterie,google.com,noreply-dmarc-support@google.com,2026-09-05 00:00:00,2026-09-05 23:59:59,boutique-laiterie.example,r,r,quarantine,quarantine,100,demo-googlecom-20260905-boutique-laiterie.xml,2026-09-06 07:59:59,google.com|demo-googlecom-20260905-boutique-laiterie
demo-enterpriseoutlook-20260905-boutique-laiterie,Enterprise Outlook,dmarcreport@microsoft.com,2026-09-05 00:00:00,2026-09-05 23:59:59,boutique-laiterie.example,r,r,quarantine,quarantine,100,demo-enterpriseoutlook-20260905-boutique-laiterie.xml,2026-09-06 07:59:59,enterprise outlook|demo-enterpriseoutlook-20260905-boutique-laiterie
demo-mimecast-20260905-boutique-laiterie,Mimecast,dmarc-report@mimecast.com,2026-09-05 00:00:00,2026-09-05 23:59:59,boutique-laiterie.example,r,r,quarantine,quarantine,100,demo-mimecast-20260905-boutique-laiterie.xml,2026-09-06 07:59:59,mimecast|demo-mimecast-20260905-boutique-laiterie
demo-amazonses-20260905-boutique-laiterie,AMAZON-SES,postmaster@amazonses.com,2026-09-05 00:00:00,2026-09-05 23:59:59,boutique-laiterie.example,r,r,quarantine,quarantine,100,demo-amazonses-20260905-boutique-laiterie.xml,2026-09-06 07:59:59,amazon-ses|demo-amazonses-20260905-boutique-laiterie
demo-googlecom-20260906-laiterie,google.com,noreply-dmarc-support@google.com,2026-09-06 00:00:00,2026-09-06 23:59:59,laiterie.example,r,r,reject,reject,100,demo-googlecom-20260906-laiterie.xml,2026-09-07 06:59:59,google.com|demo-googlecom-20260906-laiterie
demo-enterpriseoutlook-20260906-laiterie,Enterprise Outlook,dmarcreport@microsoft.com,2026-09-06 00:00:00,2026-09-06 23:59:59,laiterie.example,r,r,reject,reject,100,demo-enterpriseoutlook-20260906-laiterie.xml,2026-09-07 06:59:59,enterprise outlook|demo-enterpriseoutlook-20260906-laiterie
demo-yahoo-20260906-laiterie,Yahoo,dmarchelp@yahooinc.com,2026-09-06 00:00:00,2026-09-06 23:59:59,laiterie.example,r,r,reject,reject,100,demo-yahoo-20260906-laiterie.xml,2026-09-07 06:59:59,yahoo|demo-yahoo-20260906-laiterie
demo-mimecast-20260906-laiterie,Mimecast,dmarc-report@mimecast.com,2026-09-06 00:00:00,2026-09-06 23:59:59,laiterie.example,r,r,reject,reject,100,demo-mimecast-20260906-laiterie.xml,2026-09-07 06:59:59,mimecast|demo-mimecast-20260906-laiterie
demo-amazonses-20260906-laiterie,AMAZON-SES,postmaster@amazonses.com,2026-09-06 00:00:00,2026-09-06 23:59:59,laiterie.example,r,r,reject,reject,100,demo-amazonses-20260906-laiterie.xml,2026-09-07 06:59:59,amazon-ses|demo-amazonses-20260906-laiterie
demo-googlecom-20260906-boutique-laiterie,google.com,noreply-dmarc-support@google.com,2026-09-06 00:00:00,2026-09-06 23:59:59,boutique-laiterie.example,r,r,quarantine,quarantine,100,demo-googlecom-20260906-boutique-laiterie.xml,2026-09-07 06:59:59,google.com|demo-googlecom-20260906-boutique-laiterie
demo-enterpriseoutlook-20260906-boutique-laiterie,Enterprise Outlook,dmarcreport@microsoft.com,2026-09-06 00:00:00,2026-09-06 23:59:59,boutique-laiterie.example,r,r,quarantine,quarantine,100,demo-enterpriseoutlook-20260906-boutique-laiterie.xml,2026-09-07 06:59:59,enterprise outlook|demo-enterpriseoutlook-20260906-boutique-laiterie
demo-yahoo-20260906-boutique-laiterie,Yahoo,dmarchelp@yahooinc.com,2026-09-06 00:00:00,2026-09-06 23:59:59,boutique-laiterie.example,r,r,quarantine,quarantine,100,demo-yahoo-20260906-boutique-laiterie.xml,2026-09-07 06:59:59,yahoo|demo-yahoo-20260906-boutique-laiterie
demo-googlecom-20260907-laiterie,google.com,noreply-dmarc-support@google.com,2026-09-07 00:00:00,2026-09-07 23:59:59,laiterie.example,r,r,reject,reject,100,demo-googlecom-20260907-laiterie.xml,2026-09-08 04:59:59,google.com|demo-googlecom-20260907-laiterie
demo-enterpriseoutlook-20260907-laiterie,Enterprise Outlook,dmarcreport@microsoft.com,2026-09-07 00:00:00,2026-09-07 23:59:59,laiterie.example,r,r,reject,reject,100,demo-enterpriseoutlook-20260907-laiterie.xml,2026-09-08 04:59:59,enterprise outlook|demo-enterpriseoutlook-20260907-laiterie
demo-yahoo-20260907-laiterie,Yahoo,dmarchelp@yahooinc.com,2026-09-07 00:00:00,2026-09-07 23:59:59,laiterie.example,r,r,reject,reject,100,demo-yahoo-20260907-laiterie.xml,2026-09-08 04:59:59,yahoo|demo-yahoo-20260907-laiterie
demo-mimecast-20260907-laiterie,Mimecast,dmarc-report@mimecast.com,2026-09-07 00:00:00,2026-09-07 23:59:59,laiterie.example,r,r,reject,reject,100,demo-mimecast-20260907-laiterie.xml,2026-09-08 04:59:59,mimecast|demo-mimecast-20260907-laiterie
demo-amazonses-20260907-laiterie,AMAZON-SES,postmaster@amazonses.com,2026-09-07 00:00:00,2026-09-07 23:59:59,laiterie.example,r,r,reject,reject,100,demo-amazonses-20260907-laiterie.xml,2026-09-08 04:59:59,amazon-ses|demo-amazonses-20260907-laiterie
demo-googlecom-20260907-boutique-laiterie,google.com,noreply-dmarc-support@google.com,2026-09-07 00:00:00,2026-09-07 23:59:59,boutique-laiterie.example,r,r,quarantine,quarantine,100,demo-googlecom-20260907-boutique-laiterie.xml,2026-09-08 04:59:59,google.com|demo-googlecom-20260907-boutique-laiterie
demo-enterpriseoutlook-20260907-boutique-laiterie,Enterprise Outlook,dmarcreport@microsoft.com,2026-09-07 00:00:00,2026-09-07 23:59:59,boutique-laiterie.example,r,r,quarantine,quarantine,100,demo-enterpriseoutlook-20260907-boutique-laiterie.xml,2026-09-08 04:59:59,enterprise outlook|demo-enterpriseoutlook-20260907-boutique-laiterie
demo-yahoo-20260907-boutique-laiterie,Yahoo,dmarchelp@yahooinc.com,2026-09-07 00:00:00,2026-09-07 23:59:59,boutique-laiterie.example,r,r,quarantine,quarantine,100,demo-yahoo-20260907-boutique-laiterie.xml,2026-09-08 04:59:59,yahoo|demo-yahoo-20260907-boutique-laiterie
demo-mimecast-20260907-boutique-laiterie,Mimecast,dmarc-report@mimecast.com,2026-09-07 00:00:00,2026-09-07 23:59:59,boutique-laiterie.example,r,r,quarantine,quarantine,100,demo-mimecast-20260907-boutique-laiterie.xml,2026-09-08 04:59:59,mimecast|demo-mimecast-20260907-boutique-laiterie
demo-amazonses-20260907-boutique-laiterie,AMAZON-SES,postmaster@amazonses.com,2026-09-07 00:00:00,2026-09-07 23:59:59,boutique-laiterie.example,r,r,quarantine,quarantine,100,demo-amazonses-20260907-boutique-laiterie.xml,2026-09-08 04:59:59,amazon-ses|demo-amazonses-20260907-boutique-laiterie
demo-googlecom-20260908-laiterie,google.com,noreply-dmarc-support@google.com,2026-09-08 00:00:00,2026-09-08 23:59:59,laiterie.example,r,r,reject,reject,100,demo-googlecom-20260908-laiterie.xml,2026-09-09 08:59:59,google.com|demo-googlecom-20260908-laiterie
demo-enterpriseoutlook-20260908-laiterie,Enterprise Outlook,dmarcreport@microsoft.com,2026-09-08 00:00:00,2026-09-08 23:59:59,laiterie.example,r,r,reject,reject,100,demo-enterpriseoutlook-20260908-laiterie.xml,2026-09-09 08:59:59,enterprise outlook|demo-enterpriseoutlook-20260908-laiterie
demo-yahoo-20260908-laiterie,Yahoo,dmarchelp@yahooinc.com,2026-09-08 00:00:00,2026-09-08 23:59:59,laiterie.example,r,r,reject,reject,100,demo-yahoo-20260908-laiterie.xml,2026-09-09 08:59:59,yahoo|demo-yahoo-20260908-laiterie
demo-mimecast-20260908-laiterie,Mimecast,dmarc-report@mimecast.com,2026-09-08 00:00:00,2026-09-08 23:59:59,laiterie.example,r,r,reject,reject,100,demo-mimecast-20260908-laiterie.xml,2026-09-09 08:59:59,mimecast|demo-mimecast-20260908-laiterie
demo-amazonses-20260908-laiterie,AMAZON-SES,postmaster@amazonses.com,2026-09-08 00:00:00,2026-09-08 23:59:59,laiterie.example,r,r,reject,reject,100,demo-amazonses-20260908-laiterie.xml,2026-09-09 08:59:59,amazon-ses|demo-amazonses-20260908-laiterie
demo-enterpriseoutlook-20260908-boutique-laiterie,Enterprise Outlook,dmarcreport@microsoft.com,2026-09-08 00:00:00,2026-09-08 23:59:59,boutique-laiterie.example,r,r,quarantine,quarantine,100,demo-enterpriseoutlook-20260908-boutique-laiterie.xml,2026-09-09 08:59:59,enterprise outlook|demo-enterpriseoutlook-20260908-boutique-laiterie
demo-yahoo-20260908-boutique-laiterie,Yahoo,dmarchelp@yahooinc.com,2026-09-08 00:00:00,2026-09-08 23:59:59,boutique-laiterie.example,r,r,quarantine,quarantine,100,demo-yahoo-20260908-boutique-laiterie.xml,2026-09-09 08:59:59,yahoo|demo-yahoo-20260908-boutique-laiterie
demo-mimecast-20260908-boutique-laiterie,Mimecast,dmarc-report@mimecast.com,2026-09-08 00:00:00,2026-09-08 23:59:59,boutique-laiterie.example,r,r,quarantine,quarantine,100,demo-mimecast-20260908-boutique-laiterie.xml,2026-09-09 08:59:59,mimecast|demo-mimecast-20260908-boutique-laiterie
demo-googlecom-20260909-laiterie,google.com,noreply-dmarc-support@google.com,2026-09-09 00:00:00,2026-09-09 23:59:59,laiterie.example,r,r,reject,reject,100,demo-googlecom-20260909-laiterie.xml,2026-09-10 05:59:59,google.com|demo-googlecom-20260909-laiterie
demo-enterpriseoutlook-20260909-laiterie,Enterprise Outlook,dmarcreport@microsoft.com,2026-09-09 00:00:00,2026-09-09 23:59:59,laiterie.example,r,r,reject,reject,100,demo-enterpriseoutlook-20260909-laiterie.xml,2026-09-10 05:59:59,enterprise outlook|demo-enterpriseoutlook-20260909-laiterie
demo-yahoo-20260909-laiterie,Yahoo,dmarchelp@yahooinc.com,2026-09-09 00:00:00,2026-09-09 23:59:59,laiterie.example,r,r,reject,reject,100,demo-yahoo-20260909-laiterie.xml,2026-09-10 05:59:59,yahoo|demo-yahoo-20260909-laiterie
demo-mimecast-20260909-laiterie,Mimecast,dmarc-report@mimecast.com,2026-09-09 00:00:00,2026-09-09 23:59:59,laiterie.example,r,r,reject,reject,100,demo-mimecast-20260909-laiterie.xml,2026-09-10 05:59:59,mimecast|demo-mimecast-20260909-laiterie
demo-amazonses-20260909-laiterie,AMAZON-SES,postmaster@amazonses.com,2026-09-09 00:00:00,2026-09-09 23:59:59,laiterie.example,r,r,reject,reject,100,demo-amazonses-20260909-laiterie.xml,2026-09-10 05:59:59,amazon-ses|demo-amazonses-20260909-laiterie
demo-enterpriseoutlook-20260909-boutique-laiterie,Enterprise Outlook,dmarcreport@microsoft.com,2026-09-09 00:00:00,2026-09-09 23:59:59,boutique-laiterie.example,r,r,quarantine,quarantine,100,demo-enterpriseoutlook-20260909-boutique-laiterie.xml,2026-09-10 05:59:59,enterprise outlook|demo-enterpriseoutlook-20260909-boutique-laiterie
demo-yahoo-20260909-boutique-laiterie,Yahoo,dmarchelp@yahooinc.com,2026-09-09 00:00:00,2026-09-09 23:59:59,boutique-laiterie.example,r,r,quarantine,quarantine,100,demo-yahoo-20260909-boutique-laiterie.xml,2026-09-10 05:59:59,yahoo|demo-yahoo-20260909-boutique-laiterie
demo-mimecast-20260909-boutique-laiterie,Mimecast,dmarc-report@mimecast.com,2026-09-09 00:00:00,2026-09-09 23:59:59,boutique-laiterie.example,r,r,quarantine,quarantine,100,demo-mimecast-20260909-boutique-laiterie.xml,2026-09-10 05:59:59,mimecast|demo-mimecast-20260909-boutique-laiterie
demo-amazonses-20260909-boutique-laiterie,AMAZON-SES,postmaster@amazonses.com,2026-09-09 00:00:00,2026-09-09 23:59:59,boutique-laiterie.example,r,r,quarantine,quarantine,100,demo-amazonses-20260909-boutique-laiterie.xml,2026-09-10 05:59:59,amazon-ses|demo-amazonses-20260909-boutique-laiterie
demo-googlecom-20260910-laiterie,google.com,noreply-dmarc-support@google.com,2026-09-10 00:00:00,2026-09-10 23:59:59,laiterie.example,r,r,reject,reject,100,demo-googlecom-20260910-laiterie.xml,2026-09-11 07:59:59,google.com|demo-googlecom-20260910-laiterie
demo-enterpriseoutlook-20260910-laiterie,Enterprise Outlook,dmarcreport@microsoft.com,2026-09-10 00:00:00,2026-09-10 23:59:59,laiterie.example,r,r,reject,reject,100,demo-enterpriseoutlook-20260910-laiterie.xml,2026-09-11 07:59:59,enterprise outlook|demo-enterpriseoutlook-20260910-laiterie
demo-yahoo-20260910-laiterie,Yahoo,dmarchelp@yahooinc.com,2026-09-10 00:00:00,2026-09-10 23:59:59,laiterie.example,r,r,reject,reject,100,demo-yahoo-20260910-laiterie.xml,2026-09-11 07:59:59,yahoo|demo-yahoo-20260910-laiterie
demo-mimecast-20260910-laiterie,Mimecast,dmarc-report@mimecast.com,2026-09-10 00:00:00,2026-09-10 23:59:59,laiterie.example,r,r,reject,reject,100,demo-mimecast-20260910-laiterie.xml,2026-09-11 07:59:59,mimecast|demo-mimecast-20260910-laiterie
demo-amazonses-20260910-laiterie,AMAZON-SES,postmaster@amazonses.com,2026-09-10 00:00:00,2026-09-10 23:59:59,laiterie.example,r,r,reject,reject,100,demo-amazonses-20260910-laiterie.xml,2026-09-11 07:59:59,amazon-ses|demo-amazonses-20260910-laiterie
demo-googlecom-20260910-boutique-laiterie,google.com,noreply-dmarc-support@google.com,2026-09-10 00:00:00,2026-09-10 23:59:59,boutique-laiterie.example,r,r,quarantine,quarantine,100,demo-googlecom-20260910-boutique-laiterie.xml,2026-09-11 07:59:59,google.com|demo-googlecom-20260910-boutique-laiterie
demo-mimecast-20260910-boutique-laiterie,Mimecast,dmarc-report@mimecast.com,2026-09-10 00:00:00,2026-09-10 23:59:59,boutique-laiterie.example,r,r,quarantine,quarantine,100,demo-mimecast-20260910-boutique-laiterie.xml,2026-09-11 07:59:59,mimecast|demo-mimecast-20260910-boutique-laiterie
demo-googlecom-20260911-laiterie,google.com,noreply-dmarc-support@google.com,2026-09-11 00:00:00,2026-09-11 23:59:59,laiterie.example,r,r,reject,reject,100,demo-googlecom-20260911-laiterie.xml,2026-09-12 08:59:59,google.com|demo-googlecom-20260911-laiterie
demo-enterpriseoutlook-20260911-laiterie,Enterprise Outlook,dmarcreport@microsoft.com,2026-09-11 00:00:00,2026-09-11 23:59:59,laiterie.example,r,r,reject,reject,100,demo-enterpriseoutlook-20260911-laiterie.xml,2026-09-12 08:59:59,enterprise outlook|demo-enterpriseoutlook-20260911-laiterie
demo-yahoo-20260911-laiterie,Yahoo,dmarchelp@yahooinc.com,2026-09-11 00:00:00,2026-09-11 23:59:59,laiterie.example,r,r,reject,reject,100,demo-yahoo-20260911-laiterie.xml,2026-09-12 08:59:59,yahoo|demo-yahoo-20260911-laiterie
demo-mimecast-20260911-laiterie,Mimecast,dmarc-report@mimecast.com,2026-09-11 00:00:00,2026-09-11 23:59:59,laiterie.example,r,r,reject,reject,100,demo-mimecast-20260911-laiterie.xml,2026-09-12 08:59:59,mimecast|demo-mimecast-20260911-laiterie
demo-amazonses-20260911-laiterie,AMAZON-SES,postmaster@amazonses.com,2026-09-11 00:00:00,2026-09-11 23:59:59,laiterie.example,r,r,reject,reject,100,demo-amazonses-20260911-laiterie.xml,2026-09-12 08:59:59,amazon-ses|demo-amazonses-20260911-laiterie
demo-enterpriseoutlook-20260911-boutique-laiterie,Enterprise Outlook,dmarcreport@microsoft.com,2026-09-11 00:00:00,2026-09-11 23:59:59,boutique-laiterie.example,r,r,quarantine,quarantine,100,demo-enterpriseoutlook-20260911-boutique-laiterie.xml,2026-09-12 08:59:59,enterprise outlook|demo-enterpriseoutlook-20260911-boutique-laiterie
demo-yahoo-20260911-boutique-laiterie,Yahoo,dmarchelp@yahooinc.com,2026-09-11 00:00:00,2026-09-11 23:59:59,boutique-laiterie.example,r,r,quarantine,quarantine,100,demo-yahoo-20260911-boutique-laiterie.xml,2026-09-12 08:59:59,yahoo|demo-yahoo-20260911-boutique-laiterie
demo-amazonses-20260911-boutique-laiterie,AMAZON-SES,postmaster@amazonses.com,2026-09-11 00:00:00,2026-09-11 23:59:59,boutique-laiterie.example,r,r,quarantine,quarantine,100,demo-amazonses-20260911-boutique-laiterie.xml,2026-09-12 08:59:59,amazon-ses|demo-amazonses-20260911-boutique-laiterie
demo-googlecom-20260912-laiterie,google.com,noreply-dmarc-support@google.com,2026-09-12 00:00:00,2026-09-12 23:59:59,laiterie.example,r,r,reject,reject,100,demo-googlecom-20260912-laiterie.xml,2026-09-13 05:59:59,google.com|demo-googlecom-20260912-laiterie
demo-enterpriseoutlook-20260912-laiterie,Enterprise Outlook,dmarcreport@microsoft.com,2026-09-12 00:00:00,2026-09-12 23:59:59,laiterie.example,r,r,reject,reject,100,demo-enterpriseoutlook-20260912-laiterie.xml,2026-09-13 05:59:59,enterprise outlook|demo-enterpriseoutlook-20260912-laiterie
demo-yahoo-20260912-laiterie,Yahoo,dmarchelp@yahooinc.com,2026-09-12 00:00:00,2026-09-12 23:59:59,laiterie.example,r,r,reject,reject,100,demo-yahoo-20260912-laiterie.xml,2026-09-13 05:59:59,yahoo|demo-yahoo-20260912-laiterie
demo-mimecast-20260912-laiterie,Mimecast,dmarc-report@mimecast.com,2026-09-12 00:00:00,2026-09-12 23:59:59,laiterie.example,r,r,reject,reject,100,demo-mimecast-20260912-laiterie.xml,2026-09-13 05:59:59,mimecast|demo-mimecast-20260912-laiterie
demo-amazonses-20260912-laiterie,AMAZON-SES,postmaster@amazonses.com,2026-09-12 00:00:00,2026-09-12 23:59:59,laiterie.example,r,r,reject,reject,100,demo-amazonses-20260912-laiterie.xml,2026-09-13 05:59:59,amazon-ses|demo-amazonses-20260912-laiterie
demo-googlecom-20260912-boutique-laiterie,google.com,noreply-dmarc-support@google.com,2026-09-12 00:00:00,2026-09-12 23:59:59,boutique-laiterie.example,r,r,quarantine,quarantine,100,demo-googlecom-20260912-boutique-laiterie.xml,2026-09-13 05:59:59,google.com|demo-googlecom-20260912-boutique-laiterie
demo-enterpriseoutlook-20260912-boutique-laiterie,Enterprise Outlook,dmarcreport@microsoft.com,2026-09-12 00:00:00,2026-09-12 23:59:59,boutique-laiterie.example,r,r,quarantine,quarantine,100,demo-enterpriseoutlook-20260912-boutique-laiterie.xml,2026-09-13 05:59:59,enterprise outlook|demo-enterpriseoutlook-20260912-boutique-laiterie
demo-mimecast-20260912-boutique-laiterie,Mimecast,dmarc-report@mimecast.com,2026-09-12 00:00:00,2026-09-12 23:59:59,boutique-laiterie.example,r,r,quarantine,quarantine,100,demo-mimecast-20260912-boutique-laiterie.xml,2026-09-13 05:59:59,mimecast|demo-mimecast-20260912-boutique-laiterie
demo-amazonses-20260912-boutique-laiterie,AMAZON-SES,postmaster@amazonses.com,2026-09-12 00:00:00,2026-09-12 23:59:59,boutique-laiterie.example,r,r,quarantine,quarantine,100,demo-amazonses-20260912-boutique-laiterie.xml,2026-09-13 05:59:59,amazon-ses|demo-amazonses-20260912-boutique-laiterie
demo-googlecom-20260913-laiterie,google.com,noreply-dmarc-support@google.com,2026-09-13 00:00:00,2026-09-13 23:59:59,laiterie.example,r,r,reject,reject,100,demo-googlecom-20260913-laiterie.xml,2026-09-14 02:59:59,google.com|demo-googlecom-20260913-laiterie
demo-enterpriseoutlook-20260913-laiterie,Enterprise Outlook,dmarcreport@microsoft.com,2026-09-13 00:00:00,2026-09-13 23:59:59,laiterie.example,r,r,reject,reject,100,demo-enterpriseoutlook-20260913-laiterie.xml,2026-09-14 02:59:59,enterprise outlook|demo-enterpriseoutlook-20260913-laiterie
demo-yahoo-20260913-laiterie,Yahoo,dmarchelp@yahooinc.com,2026-09-13 00:00:00,2026-09-13 23:59:59,laiterie.example,r,r,reject,reject,100,demo-yahoo-20260913-laiterie.xml,2026-09-14 02:59:59,yahoo|demo-yahoo-20260913-laiterie
demo-mimecast-20260913-laiterie,Mimecast,dmarc-report@mimecast.com,2026-09-13 00:00:00,2026-09-13 23:59:59,laiterie.example,r,r,reject,reject,100,demo-mimecast-20260913-laiterie.xml,2026-09-14 02:59:59,mimecast|demo-mimecast-20260913-laiterie
demo-amazonses-20260913-laiterie,AMAZON-SES,postmaster@amazonses.com,2026-09-13 00:00:00,2026-09-13 23:59:59,laiterie.example,r,r,reject,reject,100,demo-amazonses-20260913-laiterie.xml,2026-09-14 02:59:59,amazon-ses|demo-amazonses-20260913-laiterie
demo-googlecom-20260913-boutique-laiterie,google.com,noreply-dmarc-support@google.com,2026-09-13 00:00:00,2026-09-13 23:59:59,boutique-laiterie.example,r,r,quarantine,quarantine,100,demo-googlecom-20260913-boutique-laiterie.xml,2026-09-14 02:59:59,google.com|demo-googlecom-20260913-boutique-laiterie
demo-yahoo-20260913-boutique-laiterie,Yahoo,dmarchelp@yahooinc.com,2026-09-13 00:00:00,2026-09-13 23:59:59,boutique-laiterie.example,r,r,quarantine,quarantine,100,demo-yahoo-20260913-boutique-laiterie.xml,2026-09-14 02:59:59,yahoo|demo-yahoo-20260913-boutique-laiterie
demo-amazonses-20260913-boutique-laiterie,AMAZON-SES,postmaster@amazonses.com,2026-09-13 00:00:00,2026-09-13 23:59:59,boutique-laiterie.example,r,r,quarantine,quarantine,100,demo-amazonses-20260913-boutique-laiterie.xml,2026-09-14 02:59:59,amazon-ses|demo-amazonses-20260913-boutique-laiterie
demo-googlecom-20260914-laiterie,google.com,noreply-dmarc-support@google.com,2026-09-14 00:00:00,2026-09-14 23:59:59,laiterie.example,r,r,reject,reject,100,demo-googlecom-20260914-laiterie.xml,2026-09-15 06:59:59,google.com|demo-googlecom-20260914-laiterie
demo-enterpriseoutlook-20260914-laiterie,Enterprise Outlook,dmarcreport@microsoft.com,2026-09-14 00:00:00,2026-09-14 23:59:59,laiterie.example,r,r,reject,reject,100,demo-enterpriseoutlook-20260914-laiterie.xml,2026-09-15 06:59:59,enterprise outlook|demo-enterpriseoutlook-20260914-laiterie
demo-yahoo-20260914-laiterie,Yahoo,dmarchelp@yahooinc.com,2026-09-14 00:00:00,2026-09-14 23:59:59,laiterie.example,r,r,reject,reject,100,demo-yahoo-20260914-laiterie.xml,2026-09-15 06:59:59,yahoo|demo-yahoo-20260914-laiterie
demo-mimecast-20260914-laiterie,Mimecast,dmarc-report@mimecast.com,2026-09-14 00:00:00,2026-09-14 23:59:59,laiterie.example,r,r,reject,reject,100,demo-mimecast-20260914-laiterie.xml,2026-09-15 06:59:59,mimecast|demo-mimecast-20260914-laiterie
demo-amazonses-20260914-laiterie,AMAZON-SES,postmaster@amazonses.com,2026-09-14 00:00:00,2026-09-14 23:59:59,laiterie.example,r,r,reject,reject,100,demo-amazonses-20260914-laiterie.xml,2026-09-15 06:59:59,amazon-ses|demo-amazonses-20260914-laiterie
demo-googlecom-20260914-boutique-laiterie,google.com,noreply-dmarc-support@google.com,2026-09-14 00:00:00,2026-09-14 23:59:59,boutique-laiterie.example,r,r,quarantine,quarantine,100,demo-googlecom-20260914-boutique-laiterie.xml,2026-09-15 06:59:59,google.com|demo-googlecom-20260914-boutique-laiterie
demo-enterpriseoutlook-20260914-boutique-laiterie,Enterprise Outlook,dmarcreport@microsoft.com,2026-09-14 00:00:00,2026-09-14 23:59:59,boutique-laiterie.example,r,r,quarantine,quarantine,100,demo-enterpriseoutlook-20260914-boutique-laiterie.xml,2026-09-15 06:59:59,enterprise outlook|demo-enterpriseoutlook-20260914-boutique-laiterie
demo-yahoo-20260914-boutique-laiterie,Yahoo,dmarchelp@yahooinc.com,2026-09-14 00:00:00,2026-09-14 23:59:59,boutique-laiterie.example,r,r,quarantine,quarantine,100,demo-yahoo-20260914-boutique-laiterie.xml,2026-09-15 06:59:59,yahoo|demo-yahoo-20260914-boutique-laiterie
demo-mimecast-20260914-boutique-laiterie,Mimecast,dmarc-report@mimecast.com,2026-09-14 00:00:00,2026-09-14 23:59:59,boutique-laiterie.example,r,r,quarantine,quarantine,100,demo-mimecast-20260914-boutique-laiterie.xml,2026-09-15 06:59:59,mimecast|demo-mimecast-20260914-boutique-laiterie
demo-amazonses-20260914-boutique-laiterie,AMAZON-SES,postmaster@amazonses.com,2026-09-14 00:00:00,2026-09-14 23:59:59,boutique-laiterie.example,r,r,quarantine,quarantine,100,demo-amazonses-20260914-boutique-laiterie.xml,2026-09-15 06:59:59,amazon-ses|demo-amazonses-20260914-boutique-laiterie
demo-googlecom-20260915-laiterie,google.com,noreply-dmarc-support@google.com,2026-09-15 00:00:00,2026-09-15 23:59:59,laiterie.example,r,r,reject,reject,100,demo-googlecom-20260915-laiterie.xml,2026-09-16 04:59:59,google.com|demo-googlecom-20260915-laiterie
demo-enterpriseoutlook-20260915-laiterie,Enterprise Outlook,dmarcreport@microsoft.com,2026-09-15 00:00:00,2026-09-15 23:59:59,laiterie.example,r,r,reject,reject,100,demo-enterpriseoutlook-20260915-laiterie.xml,2026-09-16 04:59:59,enterprise outlook|demo-enterpriseoutlook-20260915-laiterie
demo-yahoo-20260915-laiterie,Yahoo,dmarchelp@yahooinc.com,2026-09-15 00:00:00,2026-09-15 23:59:59,laiterie.example,r,r,reject,reject,100,demo-yahoo-20260915-laiterie.xml,2026-09-16 04:59:59,yahoo|demo-yahoo-20260915-laiterie
demo-mimecast-20260915-laiterie,Mimecast,dmarc-report@mimecast.com,2026-09-15 00:00:00,2026-09-15 23:59:59,laiterie.example,r,r,reject,reject,100,demo-mimecast-20260915-laiterie.xml,2026-09-16 04:59:59,mimecast|demo-mimecast-20260915-laiterie
demo-amazonses-20260915-laiterie,AMAZON-SES,postmaster@amazonses.com,2026-09-15 00:00:00,2026-09-15 23:59:59,laiterie.example,r,r,reject,reject,100,demo-amazonses-20260915-laiterie.xml,2026-09-16 04:59:59,amazon-ses|demo-amazonses-20260915-laiterie
demo-googlecom-20260915-boutique-laiterie,google.com,noreply-dmarc-support@google.com,2026-09-15 00:00:00,2026-09-15 23:59:59,boutique-laiterie.example,r,r,quarantine,quarantine,100,demo-googlecom-20260915-boutique-laiterie.xml,2026-09-16 04:59:59,google.com|demo-googlecom-20260915-boutique-laiterie
demo-enterpriseoutlook-20260915-boutique-laiterie,Enterprise Outlook,dmarcreport@microsoft.com,2026-09-15 00:00:00,2026-09-15 23:59:59,boutique-laiterie.example,r,r,quarantine,quarantine,100,demo-enterpriseoutlook-20260915-boutique-laiterie.xml,2026-09-16 04:59:59,enterprise outlook|demo-enterpriseoutlook-20260915-boutique-laiterie
demo-googlecom-20260916-laiterie,google.com,noreply-dmarc-support@google.com,2026-09-16 00:00:00,2026-09-16 23:59:59,laiterie.example,r,r,reject,reject,100,demo-googlecom-20260916-laiterie.xml,2026-09-17 03:59:59,google.com|demo-googlecom-20260916-laiterie
demo-yahoo-20260916-laiterie,Yahoo,dmarchelp@yahooinc.com,2026-09-16 00:00:00,2026-09-16 23:59:59,laiterie.example,r,r,reject,reject,100,demo-yahoo-20260916-laiterie.xml,2026-09-17 03:59:59,yahoo|demo-yahoo-20260916-laiterie
demo-mimecast-20260916-laiterie,Mimecast,dmarc-report@mimecast.com,2026-09-16 00:00:00,2026-09-16 23:59:59,laiterie.example,r,r,reject,reject,100,demo-mimecast-20260916-laiterie.xml,2026-09-17 03:59:59,mimecast|demo-mimecast-20260916-laiterie
demo-amazonses-20260916-laiterie,AMAZON-SES,postmaster@amazonses.com,2026-09-16 00:00:00,2026-09-16 23:59:59,laiterie.example,r,r,reject,reject,100,demo-amazonses-20260916-laiterie.xml,2026-09-17 03:59:59,amazon-ses|demo-amazonses-20260916-laiterie
demo-googlecom-20260916-boutique-laiterie,google.com,noreply-dmarc-support@google.com,2026-09-16 00:00:00,2026-09-16 23:59:59,boutique-laiterie.example,r,r,quarantine,quarantine,100,demo-googlecom-20260916-boutique-laiterie.xml,2026-09-17 03:59:59,google.com|demo-googlecom-20260916-boutique-laiterie
demo-enterpriseoutlook-20260916-boutique-laiterie,Enterprise Outlook,dmarcreport@microsoft.com,2026-09-16 00:00:00,2026-09-16 23:59:59,boutique-laiterie.example,r,r,quarantine,quarantine,100,demo-enterpriseoutlook-20260916-boutique-laiterie.xml,2026-09-17 03:59:59,enterprise outlook|demo-enterpriseoutlook-20260916-boutique-laiterie
demo-mimecast-20260916-boutique-laiterie,Mimecast,dmarc-report@mimecast.com,2026-09-16 00:00:00,2026-09-16 23:59:59,boutique-laiterie.example,r,r,quarantine,quarantine,100,demo-mimecast-20260916-boutique-laiterie.xml,2026-09-17 03:59:59,mimecast|demo-mimecast-20260916-boutique-laiterie
demo-amazonses-20260916-boutique-laiterie,AMAZON-SES,postmaster@amazonses.com,2026-09-16 00:00:00,2026-09-16 23:59:59,boutique-laiterie.example,r,r,quarantine,quarantine,100,demo-amazonses-20260916-boutique-laiterie.xml,2026-09-17 03:59:59,amazon-ses|demo-amazonses-20260916-boutique-laiterie
demo-googlecom-20260917-laiterie,google.com,noreply-dmarc-support@google.com,2026-09-17 00:00:00,2026-09-17 23:59:59,laiterie.example,r,r,reject,reject,100,demo-googlecom-20260917-laiterie.xml,2026-09-18 03:59:59,google.com|demo-googlecom-20260917-laiterie
demo-enterpriseoutlook-20260917-laiterie,Enterprise Outlook,dmarcreport@microsoft.com,2026-09-17 00:00:00,2026-09-17 23:59:59,laiterie.example,r,r,reject,reject,100,demo-enterpriseoutlook-20260917-laiterie.xml,2026-09-18 03:59:59,enterprise outlook|demo-enterpriseoutlook-20260917-laiterie
demo-yahoo-20260917-laiterie,Yahoo,dmarchelp@yahooinc.com,2026-09-17 00:00:00,2026-09-17 23:59:59,laiterie.example,r,r,reject,reject,100,demo-yahoo-20260917-laiterie.xml,2026-09-18 03:59:59,yahoo|demo-yahoo-20260917-laiterie
demo-mimecast-20260917-laiterie,Mimecast,dmarc-report@mimecast.com,2026-09-17 00:00:00,2026-09-17 23:59:59,laiterie.example,r,r,reject,reject,100,demo-mimecast-20260917-laiterie.xml,2026-09-18 03:59:59,mimecast|demo-mimecast-20260917-laiterie
demo-amazonses-20260917-laiterie,AMAZON-SES,postmaster@amazonses.com,2026-09-17 00:00:00,2026-09-17 23:59:59,laiterie.example,r,r,reject,reject,100,demo-amazonses-20260917-laiterie.xml,2026-09-18 03:59:59,amazon-ses|demo-amazonses-20260917-laiterie
demo-googlecom-20260917-boutique-laiterie,google.com,noreply-dmarc-support@google.com,2026-09-17 00:00:00,2026-09-17 23:59:59,boutique-laiterie.example,r,r,quarantine,quarantine,100,demo-googlecom-20260917-boutique-laiterie.xml,2026-09-18 03:59:59,google.com|demo-googlecom-20260917-boutique-laiterie
demo-mimecast-20260917-boutique-laiterie,Mimecast,dmarc-report@mimecast.com,2026-09-17 00:00:00,2026-09-17 23:59:59,boutique-laiterie.example,r,r,quarantine,quarantine,100,demo-mimecast-20260917-boutique-laiterie.xml,2026-09-18 03:59:59,mimecast|demo-mimecast-20260917-boutique-laiterie
demo-amazonses-20260917-boutique-laiterie,AMAZON-SES,postmaster@amazonses.com,2026-09-17 00:00:00,2026-09-17 23:59:59,boutique-laiterie.example,r,r,quarantine,quarantine,100,demo-amazonses-20260917-boutique-laiterie.xml,2026-09-18 03:59:59,amazon-ses|demo-amazonses-20260917-boutique-laiterie
demo-googlecom-20260918-laiterie,google.com,noreply-dmarc-support@google.com,2026-09-18 00:00:00,2026-09-18 23:59:59,laiterie.example,r,r,reject,reject,100,demo-googlecom-20260918-laiterie.xml,2026-09-19 07:59:59,google.com|demo-googlecom-20260918-laiterie
demo-enterpriseoutlook-20260918-laiterie,Enterprise Outlook,dmarcreport@microsoft.com,2026-09-18 00:00:00,2026-09-18 23:59:59,laiterie.example,r,r,reject,reject,100,demo-enterpriseoutlook-20260918-laiterie.xml,2026-09-19 07:59:59,enterprise outlook|demo-enterpriseoutlook-20260918-laiterie
demo-yahoo-20260918-laiterie,Yahoo,dmarchelp@yahooinc.com,2026-09-18 00:00:00,2026-09-18 23:59:59,laiterie.example,r,r,reject,reject,100,demo-yahoo-20260918-laiterie.xml,2026-09-19 07:59:59,yahoo|demo-yahoo-20260918-laiterie
demo-amazonses-20260918-laiterie,AMAZON-SES,postmaster@amazonses.com,2026-09-18 00:00:00,2026-09-18 23:59:59,laiterie.example,r,r,reject,reject,100,demo-amazonses-20260918-laiterie.xml,2026-09-19 07:59:59,amazon-ses|demo-amazonses-20260918-laiterie
demo-googlecom-20260918-boutique-laiterie,google.com,noreply-dmarc-support@google.com,2026-09-18 00:00:00,2026-09-18 23:59:59,boutique-laiterie.example,r,r,quarantine,quarantine,100,demo-googlecom-20260918-boutique-laiterie.xml,2026-09-19 07:59:59,google.com|demo-googlecom-20260918-boutique-laiterie
demo-enterpriseoutlook-20260918-boutique-laiterie,Enterprise Outlook,dmarcreport@microsoft.com,2026-09-18 00:00:00,2026-09-18 23:59:59,boutique-laiterie.example,r,r,quarantine,quarantine,100,demo-enterpriseoutlook-20260918-boutique-laiterie.xml,2026-09-19 07:59:59,enterprise outlook|demo-enterpriseoutlook-20260918-boutique-laiterie
demo-yahoo-20260918-boutique-laiterie,Yahoo,dmarchelp@yahooinc.com,2026-09-18 00:00:00,2026-09-18 23:59:59,boutique-laiterie.example,r,r,quarantine,quarantine,100,demo-yahoo-20260918-boutique-laiterie.xml,2026-09-19 07:59:59,yahoo|demo-yahoo-20260918-boutique-laiterie
demo-googlecom-20260919-laiterie,google.com,noreply-dmarc-support@google.com,2026-09-19 00:00:00,2026-09-19 23:59:59,laiterie.example,r,r,reject,reject,100,demo-googlecom-20260919-laiterie.xml,2026-09-20 08:59:59,google.com|demo-googlecom-20260919-laiterie
demo-enterpriseoutlook-20260919-laiterie,Enterprise Outlook,dmarcreport@microsoft.com,2026-09-19 00:00:00,2026-09-19 23:59:59,laiterie.example,r,r,reject,reject,100,demo-enterpriseoutlook-20260919-laiterie.xml,2026-09-20 08:59:59,enterprise outlook|demo-enterpriseoutlook-20260919-laiterie
demo-yahoo-20260919-laiterie,Yahoo,dmarchelp@yahooinc.com,2026-09-19 00:00:00,2026-09-19 23:59:59,laiterie.example,r,r,reject,reject,100,demo-yahoo-20260919-laiterie.xml,2026-09-20 08:59:59,yahoo|demo-yahoo-20260919-laiterie
demo-mimecast-20260919-laiterie,Mimecast,dmarc-report@mimecast.com,2026-09-19 00:00:00,2026-09-19 23:59:59,laiterie.example,r,r,reject,reject,100,demo-mimecast-20260919-laiterie.xml,2026-09-20 08:59:59,mimecast|demo-mimecast-20260919-laiterie
demo-amazonses-20260919-laiterie,AMAZON-SES,postmaster@amazonses.com,2026-09-19 00:00:00,2026-09-19 23:59:59,laiterie.example,r,r,reject,reject,100,demo-amazonses-20260919-laiterie.xml,2026-09-20 08:59:59,amazon-ses|demo-amazonses-20260919-laiterie
demo-googlecom-20260919-boutique-laiterie,google.com,noreply-dmarc-support@google.com,2026-09-19 00:00:00,2026-09-19 23:59:59,boutique-laiterie.example,r,r,quarantine,quarantine,100,demo-googlecom-20260919-boutique-laiterie.xml,2026-09-20 08:59:59,google.com|demo-googlecom-20260919-boutique-laiterie
demo-yahoo-20260919-boutique-laiterie,Yahoo,dmarchelp@yahooinc.com,2026-09-19 00:00:00,2026-09-19 23:59:59,boutique-laiterie.example,r,r,quarantine,quarantine,100,demo-yahoo-20260919-boutique-laiterie.xml,2026-09-20 08:59:59,yahoo|demo-yahoo-20260919-boutique-laiterie
demo-mimecast-20260919-boutique-laiterie,Mimecast,dmarc-report@mimecast.com,2026-09-19 00:00:00,2026-09-19 23:59:59,boutique-laiterie.example,r,r,quarantine,quarantine,100,demo-mimecast-20260919-boutique-laiterie.xml,2026-09-20 08:59:59,mimecast|demo-mimecast-20260919-boutique-laiterie
demo-amazonses-20260919-boutique-laiterie,AMAZON-SES,postmaster@amazonses.com,2026-09-19 00:00:00,2026-09-19 23:59:59,boutique-laiterie.example,r,r,quarantine,quarantine,100,demo-amazonses-20260919-boutique-laiterie.xml,2026-09-20 08:59:59,amazon-ses|demo-amazonses-20260919-boutique-laiterie
demo-googlecom-20260920-laiterie,google.com,noreply-dmarc-support@google.com,2026-09-20 00:00:00,2026-09-20 23:59:59,laiterie.example,r,r,reject,reject,100,demo-googlecom-20260920-laiterie.xml,2026-09-21 03:59:59,google.com|demo-googlecom-20260920-laiterie
demo-enterpriseoutlook-20260920-laiterie,Enterprise Outlook,dmarcreport@microsoft.com,2026-09-20 00:00:00,2026-09-20 23:59:59,laiterie.example,r,r,reject,reject,100,demo-enterpriseoutlook-20260920-laiterie.xml,2026-09-21 03:59:59,enterprise outlook|demo-enterpriseoutlook-20260920-laiterie
demo-yahoo-20260920-laiterie,Yahoo,dmarchelp@yahooinc.com,2026-09-20 00:00:00,2026-09-20 23:59:59,laiterie.example,r,r,reject,reject,100,demo-yahoo-20260920-laiterie.xml,2026-09-21 03:59:59,yahoo|demo-yahoo-20260920-laiterie
demo-mimecast-20260920-laiterie,Mimecast,dmarc-report@mimecast.com,2026-09-20 00:00:00,2026-09-20 23:59:59,laiterie.example,r,r,reject,reject,100,demo-mimecast-20260920-laiterie.xml,2026-09-21 03:59:59,mimecast|demo-mimecast-20260920-laiterie
demo-amazonses-20260920-laiterie,AMAZON-SES,postmaster@amazonses.com,2026-09-20 00:00:00,2026-09-20 23:59:59,laiterie.example,r,r,reject,reject,100,demo-amazonses-20260920-laiterie.xml,2026-09-21 03:59:59,amazon-ses|demo-amazonses-20260920-laiterie
demo-googlecom-20260920-boutique-laiterie,google.com,noreply-dmarc-support@google.com,2026-09-20 00:00:00,2026-09-20 23:59:59,boutique-laiterie.example,r,r,quarantine,quarantine,100,demo-googlecom-20260920-boutique-laiterie.xml,2026-09-21 03:59:59,google.com|demo-googlecom-20260920-boutique-laiterie
demo-enterpriseoutlook-20260920-boutique-laiterie,Enterprise Outlook,dmarcreport@microsoft.com,2026-09-20 00:00:00,2026-09-20 23:59:59,boutique-laiterie.example,r,r,quarantine,quarantine,100,demo-enterpriseoutlook-20260920-boutique-laiterie.xml,2026-09-21 03:59:59,enterprise outlook|demo-enterpriseoutlook-20260920-boutique-laiterie
demo-amazonses-20260920-boutique-laiterie,AMAZON-SES,postmaster@amazonses.com,2026-09-20 00:00:00,2026-09-20 23:59:59,boutique-laiterie.example,r,r,quarantine,quarantine,100,demo-amazonses-20260920-boutique-laiterie.xml,2026-09-21 03:59:59,amazon-ses|demo-amazonses-20260920-boutique-laiterie
demo-googlecom-20260921-laiterie,google.com,noreply-dmarc-support@google.com,2026-09-21 00:00:00,2026-09-21 23:59:59,laiterie.example,r,r,reject,reject,100,demo-googlecom-20260921-laiterie.xml,2026-09-22 09:59:59,google.com|demo-googlecom-20260921-laiterie
demo-enterpriseoutlook-20260921-laiterie,Enterprise Outlook,dmarcreport@microsoft.com,2026-09-21 00:00:00,2026-09-21 23:59:59,laiterie.example,r,r,reject,reject,100,demo-enterpriseoutlook-20260921-laiterie.xml,2026-09-22 09:59:59,enterprise outlook|demo-enterpriseoutlook-20260921-laiterie
demo-yahoo-20260921-laiterie,Yahoo,dmarchelp@yahooinc.com,2026-09-21 00:00:00,2026-09-21 23:59:59,laiterie.example,r,r,reject,reject,100,demo-yahoo-20260921-laiterie.xml,2026-09-22 09:59:59,yahoo|demo-yahoo-20260921-laiterie
demo-mimecast-20260921-laiterie,Mimecast,dmarc-report@mimecast.com,2026-09-21 00:00:00,2026-09-21 23:59:59,laiterie.example,r,r,reject,reject,100,demo-mimecast-20260921-laiterie.xml,2026-09-22 09:59:59,mimecast|demo-mimecast-20260921-laiterie
demo-amazonses-20260921-laiterie,AMAZON-SES,postmaster@amazonses.com,2026-09-21 00:00:00,2026-09-21 23:59:59,laiterie.example,r,r,reject,reject,100,demo-amazonses-20260921-laiterie.xml,2026-09-22 09:59:59,amazon-ses|demo-amazonses-20260921-laiterie
demo-googlecom-20260921-boutique-laiterie,google.com,noreply-dmarc-support@google.com,2026-09-21 00:00:00,2026-09-21 23:59:59,boutique-laiterie.example,r,r,quarantine,quarantine,100,demo-googlecom-20260921-boutique-laiterie.xml,2026-09-22 09:59:59,google.com|demo-googlecom-20260921-boutique-laiterie
demo-enterpriseoutlook-20260921-boutique-laiterie,Enterprise Outlook,dmarcreport@microsoft.com,2026-09-21 00:00:00,2026-09-21 23:59:59,boutique-laiterie.example,r,r,quarantine,quarantine,100,demo-enterpriseoutlook-20260921-boutique-laiterie.xml,2026-09-22 09:59:59,enterprise outlook|demo-enterpriseoutlook-20260921-boutique-laiterie
demo-yahoo-20260921-boutique-laiterie,Yahoo,dmarchelp@yahooinc.com,2026-09-21 00:00:00,2026-09-21 23:59:59,boutique-laiterie.example,r,r,quarantine,quarantine,100,demo-yahoo-20260921-boutique-laiterie.xml,2026-09-22 09:59:59,yahoo|demo-yahoo-20260921-boutique-laiterie
demo-mimecast-20260921-boutique-laiterie,Mimecast,dmarc-report@mimecast.com,2026-09-21 00:00:00,2026-09-21 23:59:59,boutique-laiterie.example,r,r,quarantine,quarantine,100,demo-mimecast-20260921-boutique-laiterie.xml,2026-09-22 09:59:59,mimecast|demo-mimecast-20260921-boutique-laiterie
demo-amazonses-20260921-boutique-laiterie,AMAZON-SES,postmaster@amazonses.com,2026-09-21 00:00:00,2026-09-21 23:59:59,boutique-laiterie.example,r,r,quarantine,quarantine,100,demo-amazonses-20260921-boutique-laiterie.xml,2026-09-22 09:59:59,amazon-ses|demo-amazonses-20260921-boutique-laiterie
demo-googlecom-20260922-laiterie,google.com,noreply-dmarc-support@google.com,2026-09-22 00:00:00,2026-09-22 23:59:59,laiterie.example,r,r,reject,reject,100,demo-googlecom-20260922-laiterie.xml,2026-09-23 01:59:59,google.com|demo-googlecom-20260922-laiterie
demo-enterpriseoutlook-20260922-laiterie,Enterprise Outlook,dmarcreport@microsoft.com,2026-09-22 00:00:00,2026-09-22 23:59:59,laiterie.example,r,r,reject,reject,100,demo-enterpriseoutlook-20260922-laiterie.xml,2026-09-23 01:59:59,enterprise outlook|demo-enterpriseoutlook-20260922-laiterie
demo-yahoo-20260922-laiterie,Yahoo,dmarchelp@yahooinc.com,2026-09-22 00:00:00,2026-09-22 23:59:59,laiterie.example,r,r,reject,reject,100,demo-yahoo-20260922-laiterie.xml,2026-09-23 01:59:59,yahoo|demo-yahoo-20260922-laiterie
demo-mimecast-20260922-laiterie,Mimecast,dmarc-report@mimecast.com,2026-09-22 00:00:00,2026-09-22 23:59:59,laiterie.example,r,r,reject,reject,100,demo-mimecast-20260922-laiterie.xml,2026-09-23 01:59:59,mimecast|demo-mimecast-20260922-laiterie
demo-amazonses-20260922-laiterie,AMAZON-SES,postmaster@amazonses.com,2026-09-22 00:00:00,2026-09-22 23:59:59,laiterie.example,r,r,reject,reject,100,demo-amazonses-20260922-laiterie.xml,2026-09-23 01:59:59,amazon-ses|demo-amazonses-20260922-laiterie
demo-googlecom-20260922-boutique-laiterie,google.com,noreply-dmarc-support@google.com,2026-09-22 00:00:00,2026-09-22 23:59:59,boutique-laiterie.example,r,r,quarantine,quarantine,100,demo-googlecom-20260922-boutique-laiterie.xml,2026-09-23 01:59:59,google.com|demo-googlecom-20260922-boutique-laiterie
demo-yahoo-20260922-boutique-laiterie,Yahoo,dmarchelp@yahooinc.com,2026-09-22 00:00:00,2026-09-22 23:59:59,boutique-laiterie.example,r,r,quarantine,quarantine,100,demo-yahoo-20260922-boutique-laiterie.xml,2026-09-23 01:59:59,yahoo|demo-yahoo-20260922-boutique-laiterie
demo-mimecast-20260922-boutique-laiterie,Mimecast,dmarc-report@mimecast.com,2026-09-22 00:00:00,2026-09-22 23:59:59,boutique-laiterie.example,r,r,quarantine,quarantine,100,demo-mimecast-20260922-boutique-laiterie.xml,2026-09-23 01:59:59,mimecast|demo-mimecast-20260922-boutique-laiterie
demo-amazonses-20260922-boutique-laiterie,AMAZON-SES,postmaster@amazonses.com,2026-09-22 00:00:00,2026-09-22 23:59:59,boutique-laiterie.example,r,r,quarantine,quarantine,100,demo-amazonses-20260922-boutique-laiterie.xml,2026-09-23 01:59:59,amazon-ses|demo-amazonses-20260922-boutique-laiterie
demo-googlecom-20260923-laiterie,google.com,noreply-dmarc-support@google.com,2026-09-23 00:00:00,2026-09-23 23:59:59,laiterie.example,r,r,reject,reject,100,demo-googlecom-20260923-laiterie.xml,2026-09-24 01:59:59,google.com|demo-googlecom-20260923-laiterie
demo-enterpriseoutlook-20260923-laiterie,Enterprise Outlook,dmarcreport@microsoft.com,2026-09-23 00:00:00,2026-09-23 23:59:59,laiterie.example,r,r,reject,reject,100,demo-enterpriseoutlook-20260923-laiterie.xml,2026-09-24 01:59:59,enterprise outlook|demo-enterpriseoutlook-20260923-laiterie
demo-yahoo-20260923-laiterie,Yahoo,dmarchelp@yahooinc.com,2026-09-23 00:00:00,2026-09-23 23:59:59,laiterie.example,r,r,reject,reject,100,demo-yahoo-20260923-laiterie.xml,2026-09-24 01:59:59,yahoo|demo-yahoo-20260923-laiterie
demo-mimecast-20260923-laiterie,Mimecast,dmarc-report@mimecast.com,2026-09-23 00:00:00,2026-09-23 23:59:59,laiterie.example,r,r,reject,reject,100,demo-mimecast-20260923-laiterie.xml,2026-09-24 01:59:59,mimecast|demo-mimecast-20260923-laiterie
demo-amazonses-20260923-laiterie,AMAZON-SES,postmaster@amazonses.com,2026-09-23 00:00:00,2026-09-23 23:59:59,laiterie.example,r,r,reject,reject,100,demo-amazonses-20260923-laiterie.xml,2026-09-24 01:59:59,amazon-ses|demo-amazonses-20260923-laiterie
demo-googlecom-20260923-boutique-laiterie,google.com,noreply-dmarc-support@google.com,2026-09-23 00:00:00,2026-09-23 23:59:59,boutique-laiterie.example,r,r,quarantine,quarantine,100,demo-googlecom-20260923-boutique-laiterie.xml,2026-09-24 01:59:59,google.com|demo-googlecom-20260923-boutique-laiterie
demo-enterpriseoutlook-20260923-boutique-laiterie,Enterprise Outlook,dmarcreport@microsoft.com,2026-09-23 00:00:00,2026-09-23 23:59:59,boutique-laiterie.example,r,r,quarantine,quarantine,100,demo-enterpriseoutlook-20260923-boutique-laiterie.xml,2026-09-24 01:59:59,enterprise outlook|demo-enterpriseoutlook-20260923-boutique-laiterie
demo-yahoo-20260923-boutique-laiterie,Yahoo,dmarchelp@yahooinc.com,2026-09-23 00:00:00,2026-09-23 23:59:59,boutique-laiterie.example,r,r,quarantine,quarantine,100,demo-yahoo-20260923-boutique-laiterie.xml,2026-09-24 01:59:59,yahoo|demo-yahoo-20260923-boutique-laiterie
